begin


-- Korisnik
INSERT INTO KORISNIK (IDK, NAZK, TIPK, IMEK, SIFRK, BRTELK, EMAIL) VALUES 
(1, 'user1', 'Sudija', 'Jovan Petrovi?', 'password1', '123456789', 'user1@example.com');
INSERT INTO KORISNIK (IDK, NAZK, TIPK, IMEK, SIFRK, BRTELK, EMAIL) VALUES 
(2, 'user2', 'Takmicar', 'Marko Jovanovi?', 'password2', '987654321', 'user2@example.com');
INSERT INTO KORISNIK (IDK, NAZK, TIPK, IMEK, SIFRK, BRTELK, EMAIL) VALUES 
(3, 'user3', 'Takmicar', 'Ana Stojanovi?', 'password3', '555666777', 'user3@example.com');
INSERT INTO KORISNIK (IDK, NAZK, TIPK, IMEK, SIFRK, BRTELK, EMAIL) VALUES 
(4, 'user4', 'Takmicar', 'Nikola Nikoli?', 'password4', '111222333', 'user4@example.com');
INSERT INTO KORISNIK (IDK, NAZK, TIPK, IMEK, SIFRK, BRTELK, EMAIL) VALUES 
(5, 'user5', 'Organizator', 'Milica ?or?evi?', 'password5', '999000111', 'user5@example.com');
INSERT INTO KORISNIK (IDK, NAZK, TIPK, IMEK, SIFRK, BRTELK, EMAIL) VALUES 
(6, 'user6', 'Takmicar', 'Stefan Stankovi?', 'password6', '444555666', 'user6@example.com');
INSERT INTO KORISNIK (IDK, NAZK, TIPK, IMEK, SIFRK, BRTELK, EMAIL) VALUES 
(7, 'user7', 'Takmicar', 'Jovana Simi?', 'password7', '777888999', 'user7@example.com');
INSERT INTO KORISNIK (IDK, NAZK, TIPK, IMEK, SIFRK, BRTELK, EMAIL) VALUES 
(8, 'user8', 'Takmicar', 'Nemanja Popovi?', 'password8', '222333444', 'user8@example.com');
INSERT INTO KORISNIK (IDK, NAZK, TIPK, IMEK, SIFRK, BRTELK, EMAIL) VALUES 
(9, 'user9', 'Trener', 'Katarina Jankovi?', 'password9', '666777888', 'user9@example.com');
INSERT INTO KORISNIK (IDK, NAZK, TIPK, IMEK, SIFRK, BRTELK, EMAIL) VALUES 
(10, 'user10', 'Takmicar', 'Filip Anti?', 'password10', '888999000', 'user10@example.com');
INSERT INTO KORISNIK (IDK, NAZK, TIPK, IMEK, SIFRK, BRTELK, EMAIL) VALUES
(11, 'nikola_milosavljevic', 'Takmicar', 'Nikola Milosavljv', 'password11', '123456789', 'nikola.mil@example.com');
INSERT INTO KORISNIK (IDK, NAZK, TIPK, IMEK, SIFRK, BRTELK, EMAIL) VALUES
(12, 'stefan_petrovic', 'Takmicar', 'Stefan Petrovi?', 'password12', '987654321', 'stefan.petrovic@example.com');
INSERT INTO KORISNIK (IDK, NAZK, TIPK, IMEK, SIFRK, BRTELK, EMAIL) VALUES
(13, 'marko_jovanovic', 'Takmicar', 'Marko Jovanovi?', 'password13', '555666777', 'marko.jovanovic@example.com');
INSERT INTO KORISNIK (IDK, NAZK, TIPK, IMEK, SIFRK, BRTELK, EMAIL) VALUES
(14, 'jovan_stankovic', 'Takmicar', 'Jovan Stankovi?', 'password14', '111222333', 'jovan.stankovic@example.com');
INSERT INTO KORISNIK (IDK, NAZK, TIPK, IMEK, SIFRK, BRTELK, EMAIL) VALUES
(15, 'filip_antic', 'Takmicar', 'Filip Anti?', 'password15', '999000111', 'filip.antic@example.com');
INSERT INTO KORISNIK (IDK, NAZK, TIPK, IMEK, SIFRK, BRTELK, EMAIL) VALUES
(16, 'ana_petrovic', 'Takmicar', 'Ana Petrovi?', 'password16', '444555666', 'ana.petrovic@example.com');
INSERT INTO KORISNIK (IDK, NAZK, TIPK, IMEK, SIFRK, BRTELK, EMAIL) VALUES
(17, 'katarina_jankovic', 'Takmicar', 'Katarina Jankovi?', 'password17', '777888999', 'katarina.jankovic@example.com');
INSERT INTO KORISNIK (IDK, NAZK, TIPK, IMEK, SIFRK, BRTELK, EMAIL) VALUES
(18, 'milica_djordevic', 'Takmicar', 'Milica ?or?evi?', 'password18', '222333444', 'milica.djordevic@example.com');
INSERT INTO KORISNIK (IDK, NAZK, TIPK, IMEK, SIFRK, BRTELK, EMAIL) VALUES
(19, 'jovana_simic', 'Takmicar', 'Jovana Simi?', 'password19', '666777888', 'jovana.simic@example.com');
INSERT INTO KORISNIK (IDK, NAZK, TIPK, IMEK, SIFRK, BRTELK, EMAIL) VALUES
(20, 'nina_pavlovic', 'Takmicar', 'Nina Pavlovi?', 'password20', '888999000', 'nina.pavlovic@example.com');





-- Takmicar
INSERT INTO TAKMICAR (IDK, ISKT, POLT, DATROT, KLUB_IDKL) VALUES 
(2, 'white', 'M', TO_DATE('1990-01-15', 'YYYY-MM-DD'), NULL);
INSERT INTO TAKMICAR (IDK, ISKT, POLT, DATROT, KLUB_IDKL) VALUES 
(3, 'blue', 'Z', TO_DATE('1992-05-20', 'YYYY-MM-DD'), NULL);
INSERT INTO TAKMICAR (IDK, ISKT, POLT, DATROT, KLUB_IDKL) VALUES 
(4, 'purple', 'M', TO_DATE('1988-11-10', 'YYYY-MM-DD'), NULL);
INSERT INTO TAKMICAR (IDK, ISKT, POLT, DATROT, KLUB_IDKL) VALUES 
(6, 'brown', 'Z', TO_DATE('1995-08-25', 'YYYY-MM-DD'), NULL);
INSERT INTO TAKMICAR (IDK, ISKT, POLT, DATROT, KLUB_IDKL) VALUES 
(7, 'white', 'M', TO_DATE('1993-04-30', 'YYYY-MM-DD'), NULL);
INSERT INTO TAKMICAR (IDK, ISKT, POLT, DATROT, KLUB_IDKL) VALUES 
(10, 'purple', 'Z', TO_DATE('1991-09-12', 'YYYY-MM-DD'), NULL);
INSERT INTO TAKMICAR (IDK, ISKT, POLT, DATROT, KLUB_IDKL) VALUES 
(11, 'white', 'Z', TO_DATE('1989-12-08', 'YYYY-MM-DD'), NULL);
INSERT INTO TAKMICAR (IDK, ISKT, POLT, DATROT, KLUB_IDKL) VALUES 
(12, 'purple', 'M', TO_DATE('1997-03-22', 'YYYY-MM-DD'), NULL);
INSERT INTO TAKMICAR (IDK, ISKT, POLT, DATROT, KLUB_IDKL) VALUES 
(13, 'brown', 'Z', TO_DATE('1992-06-17', 'YYYY-MM-DD'), NULL);
INSERT INTO TAKMICAR (IDK, ISKT, POLT, DATROT, KLUB_IDKL) VALUES 
(14, 'white', 'M', TO_DATE('1998-10-03', 'YYYY-MM-DD'), NULL);
INSERT INTO TAKMICAR (IDK, ISKT, POLT, DATROT, KLUB_IDKL) VALUES 
(15, 'blue', 'Z', TO_DATE('1993-01-28', 'YYYY-MM-DD'), NULL);
INSERT INTO TAKMICAR (IDK, ISKT, POLT, DATROT, KLUB_IDKL) VALUES 
(16, 'purple', 'M', TO_DATE('1987-08-14', 'YYYY-MM-DD'), NULL);
INSERT INTO TAKMICAR (IDK, ISKT, POLT, DATROT, KLUB_IDKL) VALUES 
(17, 'brown', 'Z', TO_DATE('1995-11-09', 'YYYY-MM-DD'), NULL);
INSERT INTO TAKMICAR (IDK, ISKT, POLT, DATROT, KLUB_IDKL) VALUES 
(18, 'white', 'M', TO_DATE('1990-04-02', 'YYYY-MM-DD'), NULL);
INSERT INTO TAKMICAR (IDK, ISKT, POLT, DATROT, KLUB_IDKL) VALUES 
(19, 'blue', 'Z', TO_DATE('1992-09-19', 'YYYY-MM-DD'), NULL);
INSERT INTO TAKMICAR (IDK, ISKT, POLT, DATROT, KLUB_IDKL) VALUES 
(20, 'purple', 'M', TO_DATE('1988-05-14', 'YYYY-MM-DD'), NULL);




INSERT INTO ORGANIZATOR (IDK) VALUES 
(5);

-- Takmicenje
INSERT INTO TAKMICENJE (IDTAK, DATTAK, BORTAK, LOKTAK, ORGANIZATOR_IDK, NAZTAK) VALUES 
(1, TO_DATE('2024-02-15', 'YYYY-MM-DD'), 'Karate', 'Novi Sad', 5, 'Prvenstvo u Karateu');
INSERT INTO TAKMICENJE (IDTAK, DATTAK, BORTAK, LOKTAK, ORGANIZATOR_IDK, NAZTAK) VALUES 
(2, TO_DATE('2024-03-20', 'YYYY-MM-DD'), 'Judo', 'Beograd', 5, 'Me?unarodni turnir u Judu');
INSERT INTO TAKMICENJE (IDTAK, DATTAK, BORTAK, LOKTAK, ORGANIZATOR_IDK, NAZTAK) VALUES 
(3, TO_DATE('2024-04-10', 'YYYY-MM-DD'), 'Judo', 'Novi Sad', 5, 'Otvoreno prvenstvo u Judu');
INSERT INTO TAKMICENJE (IDTAK, DATTAK, BORTAK, LOKTAK, ORGANIZATOR_IDK, NAZTAK) VALUES 
(4, TO_DATE('2024-05-25', 'YYYY-MM-DD'), 'BJJ', 'Novi Sad', 5, 'Brazilski džiu džicu turnir "Novi Sad Open"');

-- Kategorija


INSERT INTO KATEGORIJA (TAKMICENJE_IDTAK, IDKAT, TEZKAT, ISKKAT, NAZKAT) VALUES 
(1, 1, 70, 'beginer', 'Muškarci po?etnici do 70 kg');
INSERT INTO KATEGORIJA (TAKMICENJE_IDTAK, IDKAT, TEZKAT, ISKKAT, NAZKAT) VALUES
(1, 2, 85, 'beginer', 'Muškarci po?etnici 70 kg - 85 kg');
INSERT INTO KATEGORIJA (TAKMICENJE_IDTAK, IDKAT, TEZKAT, ISKKAT, NAZKAT) VALUES
(1, 3, 100, 'beginer', 'Muškarci po?etnici preko 100 kg');

INSERT INTO KATEGORIJA (TAKMICENJE_IDTAK, IDKAT, TEZKAT, ISKKAT, NAZKAT) VALUES 
(2, 4, 60, 'beginer', 'Žene po?etnice do 60 kg');
INSERT INTO KATEGORIJA (TAKMICENJE_IDTAK, IDKAT, TEZKAT, ISKKAT, NAZKAT) VALUES
(2, 5, 70, 'beginer', 'Žene po?etnice 60 kg - 70 kg');
INSERT INTO KATEGORIJA (TAKMICENJE_IDTAK, IDKAT, TEZKAT, ISKKAT, NAZKAT) VALUES
(2, 6, 100, 'beginer', 'Žene po?etnice preko 100 kg');

INSERT INTO KATEGORIJA (TAKMICENJE_IDTAK, IDKAT, TEZKAT, ISKKAT, NAZKAT) VALUES 
(3, 7, 70, 'advanced', 'Muškarci napredni do 70 kg');
INSERT INTO KATEGORIJA (TAKMICENJE_IDTAK, IDKAT, TEZKAT, ISKKAT, NAZKAT) VALUES
(3, 8, 85, 'advanced', 'Muškarci napredni 70 kg - 85 kg');
INSERT INTO KATEGORIJA (TAKMICENJE_IDTAK, IDKAT, TEZKAT, ISKKAT, NAZKAT) VALUES
(3, 9, 100, 'advanced', 'Muškarci napredni do 100 kg');

INSERT INTO KATEGORIJA (TAKMICENJE_IDTAK, IDKAT, TEZKAT, ISKKAT, NAZKAT) VALUES 
(4, 10, 60, 'advanced', 'Žene napredne do 60 kg');
INSERT INTO KATEGORIJA (TAKMICENJE_IDTAK, IDKAT, TEZKAT, ISKKAT, NAZKAT) VALUES
(4, 11, 70, 'advanced', 'Žene napredne 60 kg - 70 kg');
INSERT INTO KATEGORIJA (TAKMICENJE_IDTAK, IDKAT, TEZKAT, ISKKAT, NAZKAT) VALUES
(4, 12, 100, 'advanced', 'Žene napredne 100 kg');


-- Kategorije
INSERT INTO PRIJAVA (KATEGORIJA_IDKAT, TAKMICAR_IDK) VALUES 
(1, 2);
INSERT INTO PRIJAVA (KATEGORIJA_IDKAT, TAKMICAR_IDK) VALUES 
(2, 3);
INSERT INTO PRIJAVA (KATEGORIJA_IDKAT, TAKMICAR_IDK) VALUES 
(3, 4);
INSERT INTO PRIJAVA (KATEGORIJA_IDKAT, TAKMICAR_IDK) VALUES 
(4, 6);
INSERT INTO PRIJAVA (KATEGORIJA_IDKAT, TAKMICAR_IDK) VALUES 
(5, 7);
INSERT INTO PRIJAVA (KATEGORIJA_IDKAT, TAKMICAR_IDK) VALUES 
(6, 10);
INSERT INTO PRIJAVA (KATEGORIJA_IDKAT, TAKMICAR_IDK) VALUES 
(9, 11);
INSERT INTO PRIJAVA (KATEGORIJA_IDKAT, TAKMICAR_IDK) VALUES 
(10, 12); 
INSERT INTO PRIJAVA (KATEGORIJA_IDKAT, TAKMICAR_IDK) VALUES 
(11, 13); 
INSERT INTO PRIJAVA (KATEGORIJA_IDKAT, TAKMICAR_IDK) VALUES 
(12, 14);






end;